Palo Alto Networks                                        , Solutions Consultant 2 - Majors                                                                    , https://www.linkedin.com/jobs/view/4262914196/, , Any, 2025-07-15 15:44:54.861432
Insight Global                                            , Network Engineer                                                                                   , https://www.linkedin.com/jobs/view/4266574854/, , Any, 2025-07-15 15:47:19.709082
Equitable Advisors                                        , Wealth Management Associate - Entry Level                                                          , https://www.linkedin.com/jobs/view/4264207583/, , Any, 2025-07-15 15:50:50.583711
HRM Direct Middleware Test Company                        , IT ADMIN - Network                                                                                 , https://www.linkedin.com/jobs/view/4217617044/, , Any, 2025-07-15 15:53:02.538806
Robert Half                                               , IT Support Engineer                                                                                , https://www.linkedin.com/jobs/view/4263643581/, , Any, 2025-07-15 15:56:00.612544
Relentless Adrenaline                                     , Robot Maintenance SupportFull Time Graveyard Shift 10PM-630AM                                      , https://www.linkedin.com/jobs/view/4265013799/, , Any, 2025-07-15 16:03:45.490253
Fortune 500 Companies                                     , Program Coordinator                                                                                , https://www.linkedin.com/jobs/view/4267195031/, , Any, 2025-07-15 16:17:23.001481
CustomGPT.ai                                              , Technical Support Engineer – Top 7 AI Startup                                                      , https://www.linkedin.com/jobs/view/4195901830/, , Any, 2025-07-15 16:18:44.547635
BIMCON Inc.                                               , "6-Month Engineering Position – 3DX Solution Platform Support (Detroit, MI)"                       , https://www.linkedin.com/jobs/view/4265812974/, , Any, 2025-07-15 16:19:25.131550
My Custom AI                                              , AI / ML Engineer                                                                                   , https://www.linkedin.com/jobs/view/4245649284/, , Any, 2025-07-15 20:58:14.446627
Sola                                                      , Software Engineer                                                                                  , https://www.linkedin.com/jobs/view/4266533729/, , Any, 2025-07-15 22:16:10.087701
PepperMill                                                , Junior Full Stack Software Engineer                                                                , https://www.linkedin.com/jobs/view/4245360242/, , Any, 2025-07-15 22:39:30.482342
FLASH Weather AI                                          , Business Development Representative                                                                , https://www.linkedin.com/jobs/view/4264188185/, , Any, 2025-07-15 23:04:58.959725
xAI                                                       , Information Security Engineer - Generalist                                                         , https://www.linkedin.com/jobs/view/4252863947/, , Any, 2025-07-16 09:38:12.879727
CustomGPT.ai                                              , Technical Support Engineer – Top 7 AI Startup                                                      , https://www.linkedin.com/jobs/view/4195901830/, , Any, 2025-07-16 10:01:08.601246
ManagedWay                                                , Entry-Level Data Center Technician / Network Operations Technician                                 , https://www.linkedin.com/jobs/view/4265333415/, , Any, 2025-07-16 10:05:43.562603
Tom's Watch Bar                                           , Information Technology Support Specialist                                                          , https://www.linkedin.com/jobs/view/4262184507/, , Any, 2025-07-16 10:06:45.738370
Prolific                                                  , AI Trainer - Advanced Python Developers (US)                                                       , https://www.linkedin.com/jobs/view/4204992570/, , Any, 2025-07-16 10:12:15.279872
"Bespoke Technologies, Inc."                              , AI Software Engineer                                                                               , https://www.linkedin.com/jobs/view/4249267028/, , Any, 2025-07-16 10:46:10.689670
Bosch USA                                                 , Research Engineer/Scientist- Security and Privacy                                                  , https://www.linkedin.com/jobs/view/4223881612/, , Any, 2025-07-16 10:56:16.475027
Stealth AI Enterprise Startup                             , AI Agents Engineer                                                                                 , https://www.linkedin.com/jobs/view/4262326260/, , Any, 2025-07-16 10:59:31.983459
"Flowmentum, Inc."                                        , Artificial Intelligence Engineer                                                                   , https://www.linkedin.com/jobs/view/4263935618/, , Any, 2025-07-16 10:59:43.934406
Plymouth Rock Assurance                                   , Data Scientist                                                                                     , https://www.linkedin.com/jobs/view/4258047018/, , Any, 2025-07-16 11:25:51.815735
Aditi Consulting                                          , Data Scientist                                                                                     , https://www.linkedin.com/jobs/view/4259479273/, , Any, 2025-07-16 11:26:06.768638
MetroStar                                                 , Associate Data Scientist (5682)                                                                    , https://www.linkedin.com/jobs/view/4150388919/, , Any, 2025-07-16 11:26:23.553312
Raft                                                      , Data Scientist                                                                                     , https://www.linkedin.com/jobs/view/4242454607/, , Any, 2025-07-16 11:26:39.519558
"Agero, Inc."                                             , Data Scientist (Forecasting)                                                                       , https://www.linkedin.com/jobs/view/4236112609/, , Any, 2025-07-16 11:26:56.499129
Harnham                                                   , Perception Engineer                                                                                , https://www.linkedin.com/jobs/view/4256522562/, , Any, 2025-07-16 11:27:25.470529
"Keeper Security, Inc."                                   , Implementation Specialist                                                                          , https://www.linkedin.com/jobs/view/4260305559/, , Any, 2025-07-17 08:54:43.661552
Wilson Elser                                              , Cyber Incident Response Associate Attorney                                                         , https://www.linkedin.com/jobs/view/4232987309/, , Any, 2025-07-17 09:13:58.646338
Sibylline Ltd                                             , Embedded GSOC Analyst                                                                              , https://www.linkedin.com/jobs/view/4259563959/, , Any, 2025-07-17 09:24:37.462955
Insight Global                                            , Jr. Desktop Support / Network Specialist                                                           , https://www.linkedin.com/jobs/view/4267300548/, , Any, 2025-07-17 09:32:22.858384
Aditi Consulting                                          , Systems Specialist I                                                                               , https://www.linkedin.com/jobs/view/4266391879/, , Any, 2025-07-17 09:32:38.121880
Inceed                                                    , System Administrator                                                                               , https://www.linkedin.com/jobs/view/4262316965/, , Any, 2025-07-17 09:32:52.928485
Mainspring Energy                                         , Associate Software Test Engineer (Embedded)                                                        , https://www.linkedin.com/jobs/view/4259592840/, , Any, 2025-07-17 09:34:04.094369
Raintree Systems                                          , IT Security Analyst                                                                                , https://www.linkedin.com/jobs/view/4258140848/, , Any, 2025-07-17 09:40:52.590318
Avint                                                     , SOC Analyst                                                                                        , https://www.linkedin.com/jobs/view/4253131358/, , Any, 2025-07-17 09:41:10.093446
TECHEAD                                                   , Jr Cybersecurity Analyst                                                                           , https://www.linkedin.com/jobs/view/4266317221/, , Any, 2025-07-17 09:41:25.044695
The Intersect Group                                       , Cyber Security Analyst                                                                             , https://www.linkedin.com/jobs/view/4261838587/, , Any, 2025-07-17 09:41:37.868054
HD TECH Recruitment                                       , Cyber Security Analyst                                                                             , https://www.linkedin.com/jobs/view/4249927564/, , Any, 2025-07-17 09:41:51.181121
KAPITAL                                                   , Workday HCM / Fin Security Analyst                                                                 , https://www.linkedin.com/jobs/view/4231643906/, , Any, 2025-07-17 09:42:23.083164
Avint                                                     , SOC Analyst                                                                                        , https://www.linkedin.com/jobs/view/4253131358/, , Any, 2025-07-17 09:55:00.591666
IT Security C&T                                           , SOC Analyst L2- Amman/Jordan                                                                       , https://www.linkedin.com/jobs/view/4223239120/, , Any, 2025-07-17 09:55:15.350409
RKON                                                      , Jr. SOC Analyst (Tier 1)                                                                           , https://www.linkedin.com/jobs/view/4211175823/, , Any, 2025-07-17 09:55:32.275926
HD TECH Recruitment                                       , Cyber Security Analyst                                                                             , https://www.linkedin.com/jobs/view/4249927564/, , Any, 2025-07-17 09:55:46.330209
"Epsilon, Inc."                                           , "Information Assurance Analyst II - Crystal City, VA"                                              , https://www.linkedin.com/jobs/view/4255444830/, , Any, 2025-07-17 09:56:17.826740
Mogo                                                      , Junior Full Stack AI Engineer (Remote)                                                             , https://www.linkedin.com/jobs/view/4267775680/, , Any, 2025-07-17 10:09:12.977061
Dunhill Professional Search & Government Solutions        , Information Technology Support Specialist                                                          , https://www.linkedin.com/jobs/view/4265225409/, , Any, 2025-07-17 11:11:58.404528
Robert Half                                               , Administrative Assistant                                                                           , https://www.linkedin.com/jobs/view/4263642259/, , Any, 2025-07-17 11:21:25.163175
                                                          ,                                                                                                    ,                                               , , Any, 2025-07-17 11:22:06.834043
xAI                                                       , Information Security Engineer - Generalist                                                         , https://www.linkedin.com/jobs/view/4252863947/, , Any, 2025-07-17 11:48:16.051957
"Independent Software, Inc."                              , "Windows Security Researcher, Level 3"                                                             , https://www.linkedin.com/jobs/view/4170251084/, , Any, 2025-07-17 12:02:10.654525
"Bespoke Technologies, Inc."                              , AI Software Engineer                                                                               , https://www.linkedin.com/jobs/view/4249267028/, , Any, 2025-07-17 12:06:28.039303
2070 Health                                               , Forward Deployed Artificial Intelligence Engineer                                                  , https://www.linkedin.com/jobs/view/4228935933/, , Any, 2025-07-17 12:06:56.840556
Raft                                                      , Data Scientist                                                                                     , https://www.linkedin.com/jobs/view/4242454607/, , Any, 2025-07-17 12:10:36.964755
"Keeper Security, Inc."                                   , Implementation Specialist                                                                          , https://www.linkedin.com/jobs/view/4260305559/, , Any, 2025-07-17 12:24:44.366215
Glocomms                                                  , Security Engineer - Application Security                                                           , https://www.linkedin.com/jobs/view/4256937746/, , Any, 2025-07-17 12:27:08.913949
Raintree Systems                                          , IT Security Analyst                                                                                , https://www.linkedin.com/jobs/view/4258140848/, , Any, 2025-07-17 12:38:22.039543
Sibylline Ltd                                             , Embedded GSOC Analyst                                                                              , https://www.linkedin.com/jobs/view/4259563959/, , Any, 2025-07-17 12:41:53.905619
Avint                                                     , SOC Analyst                                                                                        , https://www.linkedin.com/jobs/view/4253131358/, , Any, 2025-07-17 12:42:21.813079
IT Security C&T                                           , SOC Analyst L2- Amman/Jordan                                                                       , https://www.linkedin.com/jobs/view/4223239120/, , Any, 2025-07-17 12:42:58.365611
RKON                                                      , Jr. SOC Analyst (Tier 1)                                                                           , https://www.linkedin.com/jobs/view/4211175823/, , Any, 2025-07-17 12:43:15.664178
Sectigo                                                   , Web Security Analyst II                                                                            , https://www.linkedin.com/jobs/view/4251517209/, , Any, 2025-07-17 12:43:40.733926
Aditi Consulting                                          , Tier 3 Vulnerability Security Analyst                                                              , https://www.linkedin.com/jobs/view/4261067576/, , Any, 2025-07-17 12:43:57.631373
"Independent Software, Inc."                              , "Windows Security Researcher, Level 3"                                                             , https://www.linkedin.com/jobs/view/4170251084/, , Any, 2025-07-17 12:44:36.955582
CyberCoders                                               , Rust Engineer - Hybrid NYC                                                                         , https://www.linkedin.com/jobs/view/4052734660/, , Any, 2025-07-17 12:45:41.351816
CollectWise                                               , Founding Engineer                                                                                  , https://www.linkedin.com/jobs/view/4255656801/, , Any, 2025-07-17 12:45:57.093507
SpeedR Ai                                                 , Artificial Intelligence Engineer                                                                   , https://www.linkedin.com/jobs/view/4268616565/, , Any, 2025-07-17 12:46:11.835408
iConsultera                                               , AI/ML Engineer                                                                                     , https://www.linkedin.com/jobs/view/4267929344/, , Any, 2025-07-17 12:46:25.147776
Aarna Software and Solutions LLC                          , Artificial Intelligence Engineer                                                                   , https://www.linkedin.com/jobs/view/4265338970/, , Any, 2025-07-17 12:46:38.428416
xAI                                                       , Applied AI Engineer & Researcher - Post Training                                                   , https://www.linkedin.com/jobs/view/4215157339/, , Any, 2025-07-17 12:46:53.237937
Selby Jennings                                            , Research Engineer - AI                                                                             , https://www.linkedin.com/jobs/view/4264752532/, , Any, 2025-07-17 12:47:27.099539
Together AI                                               , "AI Researcher, Core ML"                                                                           , https://www.linkedin.com/jobs/view/3959593877/, , Any, 2025-07-17 12:47:43.115079
Lucid AI                                                  , Applied ML Researcher                                                                              , https://www.linkedin.com/jobs/view/4265938155/, , Any, 2025-07-17 12:47:53.903065
Pointer Technologies                                      , AI/ML Software Engineer                                                                            , https://www.linkedin.com/jobs/view/4119093334/, , Any, 2025-07-17 12:48:08.895019
Insight Global                                            , Virtual Reality Specialist                                                                         , https://www.linkedin.com/jobs/view/4268266830/, , Any, 2025-07-17 12:48:27.430744
Raft                                                      , AI/ML Engineer                                                                                     , https://www.linkedin.com/jobs/view/4241254371/, , Any, 2025-07-17 12:48:42.070252
Visionary Nest LLC                                        , Research And Development Engineer                                                                  , https://www.linkedin.com/jobs/view/4266964405/, , Any, 2025-07-17 12:48:56.010790
Corvid Technologies                                       , AI/ML Engineer                                                                                     , https://www.linkedin.com/jobs/view/4147720761/, , Any, 2025-07-17 12:49:07.702771
AGAP Technologies Inc                                     , Machine Learning (ML) Training                                                                     , https://www.linkedin.com/jobs/view/4266783373/, , Any, 2025-07-17 12:49:23.978458
New York State Office of Mental Health                    , "Psychiatrist 2 Children & Youth (NY HELPS), New York City Children's Center, Bronx Campus, P25407", https://www.linkedin.com/jobs/view/4198058494/, , Any, 2025-07-17 12:49:41.761317
Jobot Consulting                                          , Python Code Reviewer - AI Focus                                                                    , https://www.linkedin.com/jobs/view/4268223584/, , Any, 2025-07-17 12:49:56.145557
HirePower Staffing Solution                               , Mobile Application Developer                                                                       , https://www.linkedin.com/jobs/view/4266963981/, , Any, 2025-07-17 12:50:21.537186
Abaka AI｜Data Annotation / Collection / Processing for AI, Algorithm Engineer                                                                                 , https://www.linkedin.com/jobs/view/4268190516/, , Any, 2025-07-17 12:50:39.756476
Chan Zuckerberg Initiative                                , "Machine Learning Engineer, Education"                                                             , https://www.linkedin.com/jobs/view/4264206634/, , Any, 2025-07-17 12:50:56.639626
College Achieve Public Schools (CAPS)                     , ML Teacher                                                                                         , https://www.linkedin.com/jobs/view/4231609219/, , Any, 2025-07-17 12:51:15.855113
"Softworld, a Kelly Company"                              , Software Developer - AI/ML- LLJP00001776                                                           , https://www.linkedin.com/jobs/view/4256510781/, , Any, 2025-07-17 12:52:05.720543
Selby Jennings                                            , Trading Systems Dev                                                                                , https://www.linkedin.com/jobs/view/4264205579/, , Any, 2025-07-17 12:52:26.636343
xAI                                                       , "AI Engineer & Researcher - Pre-training Scaling, Data, and Eval"                                  , https://www.linkedin.com/jobs/view/4103790104/, , Any, 2025-07-17 12:52:47.244591
Jobot Consulting                                          , Python Code Reviewer - AI Focus                                                                    , https://www.linkedin.com/jobs/view/4268224169/, , Any, 2025-07-17 12:53:02.024507
Unusual Ventures                                          , ML/AI Engineer with NLP Specialization - Founding Engineer (Helios)                                , https://www.linkedin.com/jobs/view/4244044857/, , Any, 2025-07-17 12:53:17.779327
Stealth AI Enterprise Startup                             , AI Agents Engineer                                                                                 , https://www.linkedin.com/jobs/view/4262326260/, , Any, 2025-07-17 12:53:30.851599
Wiser AI                                                  , Founding Engineer                                                                                  , https://www.linkedin.com/jobs/view/4207472474/, , Any, 2025-07-17 12:53:42.781845
noto                                                      , Founding Engineer                                                                                  , https://www.linkedin.com/jobs/view/4261057722/, , Any, 2025-07-17 12:53:50.361244
GaudHammer Gaming Group™                                  , Video Game Audio Designer                                                                          , https://www.linkedin.com/jobs/view/4268608780/, , Any, 2025-07-17 12:54:04.897754
Glocomms                                                  , AI Automation Specialist                                                                           , https://www.linkedin.com/jobs/view/4263088227/, , Any, 2025-07-17 12:54:21.228644
My Custom AI                                              , AI / ML Engineer                                                                                   , https://www.linkedin.com/jobs/view/4245649284/, , Any, 2025-07-17 12:54:30.719354
A Hiring Company                                          , Academic Assistant - School of Social Science                                                      , https://www.linkedin.com/jobs/view/4268608010/, , Any, 2025-07-17 12:54:48.981422
Jobot                                                     , Reproductive Endocrinologist & Infertility Physician - REI MD                                      , https://www.linkedin.com/jobs/view/4268226259/, , Any, 2025-07-17 12:55:07.229087
Harnham                                                   , AI Engineer                                                                                        , https://www.linkedin.com/jobs/view/4260291941/, , Any, 2025-07-17 12:55:23.014465
Jobot                                                     , Professional Engineer (PE) Remote role!                                                            , https://www.linkedin.com/jobs/view/4268222485/, , Any, 2025-07-17 12:55:41.466487
Jobot                                                     , Land Development Engineer                                                                          , https://www.linkedin.com/jobs/view/4268225511/, , Any, 2025-07-17 12:55:49.311266
The Arc Ocean County Chapter                              , Day Program Instructor (Direct Support Professional)                                               , https://www.linkedin.com/jobs/view/4268611119/, , Any, 2025-07-17 12:56:07.158768
Saicon                                                    , Cyber Security Engineer                                                                            , https://www.linkedin.com/jobs/view/4268613091/, , Any, 2025-07-17 12:56:20.571739
Aarna Software and Solutions LLC                          , Artificial Intelligence Engineer                                                                   , https://www.linkedin.com/jobs/view/4268278874/, , Any, 2025-07-17 12:56:29.443147
Trinity Rehab                                             , "Physical Therapist - BE THE DIFFERENCE, GROW YOUR SKILLS"                                         , https://www.linkedin.com/jobs/view/4267782840/, , Any, 2025-07-17 12:56:38.115820
Clifton Public Schools                                    , Middle School Special Education Teacher - Tenure Track                                             , https://www.linkedin.com/jobs/view/4268609989/, , Any, 2025-07-17 12:56:55.632242
"Fun Fit Therapy, LLC"                                    , Pediatric School Based Physical Therapist                                                          , https://www.linkedin.com/jobs/view/4268613899/, , Any, 2025-07-17 12:57:05.746198
BSR Physical Therapy                                      , Physical Therapist                                                                                 , https://www.linkedin.com/jobs/view/4268622158/, , Any, 2025-07-17 12:57:22.007112
Trinity Rehab                                             , Physical Therapist                                                                                 , https://www.linkedin.com/jobs/view/4267793250/, , Any, 2025-07-17 12:57:39.865758
xAI                                                       , AI Engineer & Researcher - Inference                                                               , https://www.linkedin.com/jobs/view/4103786588/, , Any, 2025-07-17 12:58:21.965101
xAI                                                       , AI Engineer & Researcher - GPU Kernel                                                              , https://www.linkedin.com/jobs/view/4103786582/, , Any, 2025-07-17 12:58:39.791246
Aditi Consulting                                          , Tier 3 Vulnerability Security Analyst                                                              , https://www.linkedin.com/jobs/view/4261067576/, , Any, 2025-07-17 13:00:42.552123
"Independent Software, Inc."                              , "Windows Security Researcher, Level 3"                                                             , https://www.linkedin.com/jobs/view/4170251084/, , Any, 2025-07-17 13:01:21.475137
Hot Jobs - Honey Dubey                                    , Red Team White Box Tester/ Hacker (Bug bounty and CVE)                                             , https://www.linkedin.com/jobs/view/4268275530/, , Any, 2025-07-17 13:02:36.230389
AGAP Technologies Inc                                     , Cyber Security Training                                                                            , https://www.linkedin.com/jobs/view/4266786137/, , Any, 2025-07-17 13:03:01.665743
"Global Technical Talent, an Inc. 5000 Company"           , Developer - Mastery(Cybersecurity)                                                                 , https://www.linkedin.com/jobs/view/4261992755/, , Any, 2025-07-17 13:03:21.138724
"Watermark Risk Management International, LLC"            , Information Systems Auditor                                                                        , https://www.linkedin.com/jobs/view/4230406564/, , Any, 2025-07-17 13:03:49.596651
Hubcom                                                    , Armis Security Expertise                                                                           , https://www.linkedin.com/jobs/view/4267303143/, , Any, 2025-07-17 13:03:59.867915
LVI Associates                                            , Digital Forensics Leader - California                                                              , https://www.linkedin.com/jobs/view/4263252803/, , Any, 2025-07-17 13:04:19.221693
MDA Edge                                                  , Security Operations Center Lead/SOC Lead                                                           , https://www.linkedin.com/jobs/view/4260853298/, , Any, 2025-07-17 13:04:35.385886
"BAE Systems, Inc."                                       , Cyber Anst II                                                                                      , https://www.linkedin.com/jobs/view/4261935648/, , Any, 2025-07-17 13:04:53.426991
"Toyota Tsusho Systems US, Inc."                          , Okta Forgerock CIAM                                                                                , https://www.linkedin.com/jobs/view/4253696132/, , Any, 2025-07-17 13:05:12.487886
"Keeper Security, Inc."                                   , Implementation Specialist                                                                          , https://www.linkedin.com/jobs/view/4260305559/, , Any, 2025-07-17 13:05:21.825010
Delta Downs                                               , Surveillance Agent                                                                                 , https://www.linkedin.com/jobs/view/4263549570/, , Any, 2025-07-17 13:05:50.633940
Elder Research                                            , Data Scientist (Remote)                                                                            , https://www.linkedin.com/jobs/view/3921376611/, , Any, 2025-07-17 13:06:50.151733
MetroStar                                                 , Associate Data Scientist (5682)                                                                    , https://www.linkedin.com/jobs/view/4150388919/, , Any, 2025-07-17 13:07:17.081762
"Agero, Inc."                                             , Data Scientist (Forecasting)                                                                       , https://www.linkedin.com/jobs/view/4236112609/, , Any, 2025-07-17 13:07:33.589220
Coinbase                                                  , Blockchain Security Engineer                                                                       , https://www.linkedin.com/jobs/view/4226383152/, , Any, 2025-07-17 13:20:06.539603
Visionary Nest LLC                                        , System Engineer                                                                                    , https://www.linkedin.com/jobs/view/4268275417/, , Any, 2025-07-17 13:20:20.621850
Digitive                                                  , Junior C++ Developer                                                                               , https://www.linkedin.com/jobs/view/4268625423/, , Any, 2025-07-17 13:20:33.753463
Raintree Systems                                          , IT Security Analyst                                                                                , https://www.linkedin.com/jobs/view/4258140848/, , Any, 2025-07-22 09:43:30.845706
Valnet                                                    , MakeUseOf - Tech Explained Writer                                                                  , https://www.linkedin.com/jobs/view/4266597528/, , Any, 2025-07-22 10:17:39.705324
Ballotpedia                                               , News Team Staff Researcher (Remote)                                                                , https://www.linkedin.com/jobs/view/4243868379/, , Any, 2025-07-22 10:18:15.875745
Jobgether                                                 , Onboarding Specialist (Remote - US)                                                                , https://www.linkedin.com/jobs/view/4260388826/, , Any, 2025-07-22 10:18:50.279576
Raintree Systems                                          , IT Security Analyst                                                                                , https://www.linkedin.com/jobs/view/4258140848/, , Any, 2025-07-22 10:58:59.503993
Raintree Systems                                          , IT Security Analyst                                                                                , https://www.linkedin.com/jobs/view/4258140848/, , Any, 2025-07-22 11:02:42.144640
Raintree Systems                                          , IT Security Analyst                                                                                , https://www.linkedin.com/jobs/view/4258140848/, , Any, 2025-07-22 11:08:19.921796
Raintree Systems                                          , IT Security Analyst                                                                                , https://www.linkedin.com/jobs/view/4258140848/, , Any, 2025-07-22 11:15:02.382562
"Buettner Processing Solutions, LLC",Business Development Representative,https://www.linkedin.com/jobs/view/4262188408/,,Remote,2025-07-24 20:41:26.751506
Lindy,Full Stack Software Engineer,https://www.linkedin.com/jobs/view/4270048253/,,New Jersey,2025-07-24 21:10:47.381222
ISTA Solutions,Data Analyst - EST Hours (Remote),https://www.linkedin.com/jobs/view/4228272246/,,Any,2025-07-25 12:34:59.805703
Storm Ideas,AI Enablement Coordinator (Non-Coding),https://www.linkedin.com/jobs/view/4267457275/,,Any,2025-07-25 12:35:51.116136
Storm Ideas,Graduate AI Operations Associate (Non-Coding),https://www.linkedin.com/jobs/view/4267451555/,,Any,2025-07-25 12:49:15.196954
ISTA Solutions,Data Analyst - EST Hours (Remote),https://www.linkedin.com/jobs/view/4228272246/,,Any,2025-07-25 12:51:52.492855
Rankona Mazon,Amazon Agency Listing Copywriter & Catalog Associate,https://www.linkedin.com/jobs/view/4261756998/,,Any,2025-07-25 12:52:39.949806
Storm Ideas,AI Productivity & Process Trainee (Non-Coding),https://www.linkedin.com/jobs/view/4267457381/,,Any,2025-07-25 12:53:30.494745
Tolq,SaaS Sales Representative,https://www.linkedin.com/jobs/view/4263491101/,,Any,2025-07-25 12:55:00.943545
ISTA Solutions,Virtual Healthcare Case Coordinator (Skilled Nursing) - EST hours (Remote),https://www.linkedin.com/jobs/view/4247437520/,,Any,2025-07-25 14:10:02.856499
ISTA Solutions,Data Analyst - EST Hours (Remote),https://www.linkedin.com/jobs/view/4228272246/,,Any,2025-07-25 14:11:22.802838
ISTA Solutions,Virtual Healthcare Case Coordinator (Skilled Nursing) - EST hours (Remote),https://www.linkedin.com/jobs/view/4247437520/,,Any,2025-07-25 15:54:58.493534
ISTA Solutions,Virtual Healthcare Case Coordinator (Skilled Nursing) - EST hours (Remote),https://www.linkedin.com/jobs/view/4247437520/,,Any,2025-07-25 18:07:10.458420
ISTA Solutions,Data Analyst - EST Hours (Remote),https://www.linkedin.com/jobs/view/4228272246/,,Any,2025-07-28 13:20:39.666270
Tolq,SaaS Sales Representative,https://www.linkedin.com/jobs/view/4263491101/,,Any,2025-07-28 13:21:34.527996
Corebridge Financial,Application Pentest Operations Manager,https://www.linkedin.com/jobs/view/4262871074/,,New Jersey,2025-07-28 18:46:33.488946
Centraprise,Docusign SME,https://www.linkedin.com/jobs/view/4280838190/,,Remote,2025-08-07 16:51:30.650946
EVERSANA INTOUCH,Content Engineer,https://www.linkedin.com/jobs/view/4281389146/,,United States,2025-08-07 16:57:32.465068
Third Eye Software,Full Stack Software Engineer (GenAI) - (25072401),https://www.linkedin.com/jobs/view/4269672598/,,United States,2025-08-07 17:00:53.752722
